id,name,adress,email,phone,job,last_modified
0,Ivan Brown,"14576 Perez Plaza Thompsonstad, NE 17414",lopezchristina@example.net,001-288-557-8913x10483,Marketing executive,2023-08-30 10:03:27.891237
1,Kristen Ryan,"827 Taylor Rapid New Joshua, NJ 68747",debrajones@example.net,+1-482-941-9070,Patent attorney,2023-08-27 20:14:18
2,Kim Diaz,"45677 Holland Shores Apt. 764 Joshualand, MO 07869",mooreryan@example.org,557-246-8821,Merchant navy officer,2022-10-05 02:27:18
3,Erik Calderon,"270 Patel Forest Lake Anthonyshire, NM 76979",craig09@example.com,(678)701-3986x808,Meteorologist,2023-05-21 21:13:55
4,Jessica Taylor,"75757 Jacob Walks Jonathanmouth, MH 33838",zacharyholmes@example.net,493-223-6992x9431,Police officer,2022-11-27 02:05:09
5,Michael Garcia,"PSC 5068, Box 3652 APO AE 01395",ericwalton@example.net,549-342-1513x05930,Publishing rights manager,2023-03-01 00:00:12
6,Nicole Nelson,"10274 Mackenzie Groves East Edwardland, MS 69222",cynthia67@example.org,546-731-7609,"Engineer, maintenance (IT)",2023-05-16 16:51:25
7,Seth Carter,"148 Davidson Junctions Suite 575 Thomasbury, VI 04472",renee49@example.net,730-640-4025,"Scientist, product/process development",2022-10-13 05:48:20
8,Lisa Jones,"PSC 8637, Box 7166 APO AP 49827",ashley30@example.org,(504)242-5713x4182,"Administrator, Civil Service",2023-02-20 06:49:54
9,Dustin Sawyer,"7736 Lindsay Land Apt. 293 New Troyfurt, PA 20759",jamie00@example.net,001-464-646-4684,Research scientist (physical sciences),2023-07-15 02:14:22
